index	image_path	question	options	answer
0	/mnt/petrelfs/hejunjun/MBMU-eval/LMUData/uBench/images/ddd6f474-11a6-4876-bfac-651f6fdb669c.png	A Giemsa-stained light micrograph displaying human peripheral blood cells. As a blood cell recognition system, identify the correct cell type:	"[""platelet"", ""eosinophil"", ""neutrophil"", ""immature granulocyte"", ""basophil"", ""none of the above""]"	E
1	/mnt/petrelfs/hejunjun/MBMU-eval/LMUData/uBench/images/7ff4c714-1238-4245-8680-e2174e1802fe.png	A Giemsa-stained light micrograph displaying human peripheral blood cells. As a blood cell recognition system, identify the correct cell type:	"[""immature granulocyte"", ""lymphocyte"", ""basophil"", ""platelet"", ""eosinophil"", ""none of the above""]"	D
2	/mnt/petrelfs/hejunjun/MBMU-eval/LMUData/uBench/images/e551d6a5-69bb-4613-b395-42e8c90785f7.png	A Giemsa-stained light micrograph displaying human peripheral blood cells. As a blood cell recognition system, identify the correct cell type:	"[""eosinophil"", ""platelet"", ""erythroblast"", ""basophil"", ""lymphocyte"", ""none of the above""]"	A
3	/mnt/petrelfs/hejunjun/MBMU-eval/LMUData/uBench/images/76b94418-5c38-4c1e-add4-7a3094cbc0b6.png	A Giemsa-stained light micrograph displaying human peripheral blood cells. As a blood cell recognition system, identify the correct cell type:	"[""erythroblast"", ""eosinophil"", ""neutrophil"", ""basophil"", ""monocyte"", ""none of the above""]"	A
4	/mnt/petrelfs/hejunjun/MBMU-eval/LMUData/uBench/images/e3fa96ce-9b29-44da-82c7-afb27d8f3b45.png	A Giemsa-stained light micrograph displaying human peripheral blood cells. As a blood cell recognition system, identify the correct cell type:	"[""neutrophil"", ""lymphocyte"", ""eosinophil"", ""monocyte"", ""immature granulocyte"", ""none of the above""]"	D
5	/mnt/petrelfs/hejunjun/MBMU-eval/LMUData/uBench/images/543cf645-28e6-41fe-9866-01cfdcb673ff.png	A Giemsa-stained light micrograph displaying human peripheral blood cells. As a blood cell recognition system, identify the correct cell type:	"[""immature granulocyte"", ""monocyte"", ""platelet"", ""erythroblast"", ""basophil"", ""none of the above""]"	E
6	/mnt/petrelfs/hejunjun/MBMU-eval/LMUData/uBench/images/782e1e20-d5a2-4169-a843-cf742cfb68da.png	A Giemsa-stained light micrograph displaying human peripheral blood cells. As a blood cell recognition system, identify the correct cell type:	"[""eosinophil"", ""erythroblast"", ""neutrophil"", ""monocyte"", ""platelet"", ""none of the above""]"	B
7	/mnt/petrelfs/hejunjun/MBMU-eval/LMUData/uBench/images/65155f8b-f2a9-4156-8397-4510ee077293.png	A Giemsa-stained light micrograph displaying human peripheral blood cells. As a blood cell recognition system, identify the correct cell type:	"[""erythroblast"", ""monocyte"", ""immature granulocyte"", ""eosinophil"", ""platelet"", ""none of the above""]"	B
8	/mnt/petrelfs/hejunjun/MBMU-eval/LMUData/uBench/images/8210ee70-dcb5-46a5-b620-b8a904aee3ff.png	A Giemsa-stained light micrograph displaying human peripheral blood cells. As a blood cell recognition system, identify the correct cell type:	"[""neutrophil"", ""erythroblast"", ""eosinophil"", ""immature granulocyte"", ""lymphocyte"", ""none of the above""]"	C
9	/mnt/petrelfs/hejunjun/MBMU-eval/LMUData/uBench/images/42cd640c-a99c-442b-b756-35cbf2452d74.png	A Giemsa-stained light micrograph displaying human peripheral blood cells. As a blood cell recognition system, identify the correct cell type:	"[""lymphocyte"", ""immature granulocyte"", ""monocyte"", ""eosinophil"", ""neutrophil"", ""none of the above""]"	A
